SpineBaseX,SpineBaseY,SpineBaseZ,HipLeftX,HipLeftY,HipLeftZ,HipRightX,HipRightY,HipRightZ,KneeLeftX,KneeLeftY,KneeLeftZ,KneeRightX,KneeRightY,KneeRightZ
-0.1064704,-0.1709994,1.70115,-0.1838168,-0.1709954,1.658903,-0.2091499,-0.5185409,1.645061,-0.02441855,-0.1634519,1.668274,0.05309853,-0.5231258,1.590504
0.1504419,-0.2016115,1.856262,0.0683037,-0.187401,1.813211,-0.004897299,-0.5575299,1.724235,0.2264227,-0.2077623,1.823774,0.2197884,-0.5768733,1.794228
0.1325443,-0.1945098,1.851846,0.05012645,-0.1806852,1.813915,-0.04195512,-0.5164981,1.668725,0.208914,-0.2004364,1.813969,0.2156588,-0.5723283,1.798818
0.1304678,-0.194558,1.85181,0.04717168,-0.1809745,1.813186,-0.04469126,-0.5185391,1.670406,0.2076485,-0.2003175,1.814479,0.2141535,-0.57153,1.798777
0.12758,-0.1954838,1.851749,0.0441247,-0.1823934,1.81264,-0.05000842,-0.5197064,1.677121,0.2052343,-0.2007461,1.814978,0.2135899,-0.571524,1.798273
0.1223994,-0.1968452,1.850902,0.03899195,-0.1848814,1.811903,-0.05745325,-0.5243972,1.69178,0.2004055,-0.2009672,1.814207,0.2126654,-0.5707352,1.798019
0.1138722,-0.197429,1.850005,0.0310177,-0.1868593,1.811568,-0.06689554,-0.530277,1.706323,0.1917072,-0.20001,1.812859,0.2103871,-0.5664822,1.797317
0.09363204,-0.1979468,1.846115,0.0113963,-0.1904711,1.808863,-0.08626965,-0.5312536,1.718818,0.1717043,-0.1973093,1.807864,0.2008411,-0.549842,1.790716
0.0778458,-0.198205,1.843569,-0.004106515,-0.1924207,1.807673,-0.09747341,-0.5306778,1.722087,0.1563344,-0.1958532,1.803979,0.1947058,-0.5482523,1.787527
0.06151697,-0.1973465,1.842755,-0.01948781,-0.1928521,1.808504,-0.1084219,-0.5313132,1.723735,0.1397363,-0.1936816,1.801461,0.1847739,-0.5495645,1.783728
0.04611475,-0.1969085,1.841239,-0.0350486,-0.1933611,1.80711,-0.1187534,-0.5325481,1.723692,0.1253539,-0.1923856,1.799889,0.1720775,-0.5506275,1.779952
0.02892985,-0.1967875,1.840115,-0.05234281,-0.1939615,1.806026,-0.1270814,-0.5337617,1.724455,0.1089979,-0.1915625,1.798736,0.1611409,-0.5539257,1.774204
0.01209057,-0.1952643,1.839947,-0.06867843,-0.1931461,1.806092,-0.1404282,-0.5352124,1.730854,0.09234997,-0.189371,1.798328,0.150189,-0.559677,1.767
-0.002206897,-0.194463,1.841664,-0.08268801,-0.1933273,1.807507,-0.1501746,-0.5395217,1.737413,0.07831305,-0.1876183,1.800358,0.1409047,-0.5623077,1.758326
-0.01615046,-0.1925583,1.844016,-0.09673864,-0.1926791,1.810522,-0.1568413,-0.5423023,1.741697,0.06498119,-0.184564,1.80207,0.1329289,-0.5580021,1.748438
-0.02732922,-0.1917232,1.846148,-0.1080949,-0.1928605,1.812708,-0.1640508,-0.548836,1.746848,0.05447309,-0.1827819,1.804138,0.1255608,-0.5520142,1.738516
-0.03960972,-0.1896564,1.850347,-0.1195678,-0.1918699,1.817535,-0.1690185,-0.5481426,1.749864,0.04185585,-0.1796753,1.807701,0.1177703,-0.5463428,1.73064
-0.04775386,-0.1879501,1.851246,-0.1271742,-0.1910052,1.818486,-0.1721773,-0.5469663,1.751457,0.03354564,-0.1771629,1.808539,0.1099292,-0.5401171,1.72209
-0.05738544,-0.1872759,1.853166,-0.1375045,-0.191036,1.820387,-0.1761474,-0.5467718,1.752676,0.02499831,-0.1759055,1.810475,0.1022421,-0.5343783,1.715349
-0.0747405,-0.184243,1.855392,-0.15458,-0.1889256,1.8239,-0.1848718,-0.5480334,1.755307,0.008052888,-0.1720657,1.81146,0.08430079,-0.5293278,1.706935
-0.08260931,-0.1838454,1.856549,-0.1624135,-0.1889108,1.82537,-0.1885048,-0.5489617,1.757404,0.0005397633,-0.1713167,1.812309,0.07118924,-0.5300428,1.705542
-0.08879845,-0.1841974,1.856549,-0.1686734,-0.1893774,1.825014,-0.1936693,-0.5546868,1.760205,-0.005311362,-0.1715409,1.812658,0.05886608,-0.5321118,1.705348
-0.09360273,-0.1840907,1.856651,-0.1728827,-0.1892513,1.825282,-0.1973942,-0.5587308,1.761926,-0.01052246,-0.1714584,1.812586,0.04785781,-0.5312333,1.706182
-0.09909827,-0.1835279,1.856719,-0.1777315,-0.1887428,1.826026,-0.1994663,-0.5608032,1.762754,-0.01654027,-0.1708503,1.811922,0.0373924,-0.5309941,1.707505
-0.1024361,-0.1838024,1.856616,-0.1809099,-0.188823,1.825721,-0.2015259,-0.5644392,1.764066,-0.01985181,-0.1713127,1.812056,0.02935707,-0.5326877,1.708924
-0.1049957,-0.1838988,1.856114,-0.1833849,-0.1887453,1.824822,-0.2028466,-0.5667977,1.765303,-0.02241996,-0.1715779,1.811956,0.02142584,-0.5366784,1.710606
-0.106556,-0.1840015,1.855848,-0.1850535,-0.1886616,1.824021,-0.2036997,-0.5685281,1.766802,-0.02393111,-0.1718549,1.81217,0.01874488,-0.5377695,1.711408
-0.1076591,-0.1840658,1.855735,-0.1864132,-0.1884196,1.823022,-0.2057109,-0.5859101,1.771619,-0.02514566,-0.1722245,1.812848,0.01684557,-0.5381773,1.712803
-0.1081411,-0.1840197,1.855907,-0.1869867,-0.1881449,1.822506,-0.2059123,-0.5862039,1.772083,-0.0259384,-0.1724541,1.814252,0.01664557,-0.5373861,1.713755
-0.1084185,-0.1838863,1.856063,-0.1873757,-0.1875793,1.821664,-0.2066741,-0.582651,1.773157,-0.02652867,-0.172574,1.81607,0.01763261,-0.5371869,1.714567
-0.1086507,-0.1838085,1.856685,-0.1874705,-0.187353,1.821522,-0.2082308,-0.5742912,1.772764,-0.02681688,-0.1730291,1.818872,0.02152509,-0.5360336,1.715513
-0.1086595,-0.1836679,1.85699,-0.1873708,-0.1863984,1.820473,-0.2085388,-0.5640305,1.768897,-0.02668543,-0.1735172,1.821499,0.02841085,-0.5330091,1.716062
-0.1080134,-0.1834056,1.858085,-0.1863901,-0.1852436,1.819898,-0.2091911,-0.5579641,1.765426,-0.02567233,-0.1744675,1.825425,0.03613365,-0.5336419,1.717932
-0.1073059,-0.1832562,1.859608,-0.185654,-0.1843096,1.81982,-0.2100652,-0.5537294,1.761845,-0.02482235,-0.17564,1.8289,0.04861924,-0.5366443,1.719846
-0.1054763,-0.1836259,1.861303,-0.1839959,-0.1837866,1.819889,-0.2110811,-0.5507979,1.758098,-0.02286299,-0.177061,1.831595,0.05956583,-0.534443,1.72359
-0.1033435,-0.1839804,1.86295,-0.1818154,-0.182954,1.819896,-0.2120367,-0.548757,1.753612,-0.02058602,-0.1787397,1.834435,0.06971934,-0.5342485,1.727243
-0.1000358,-0.1845574,1.865497,-0.1786041,-0.1820442,1.820683,-0.2123042,-0.5486104,1.752376,-0.01736963,-0.1807745,1.837941,0.08177979,-0.5356504,1.733503
-0.09536187,-0.1860253,1.867829,-0.1739885,-0.1818435,1.821506,-0.2115176,-0.5479339,1.751663,-0.01285494,-0.1837197,1.840971,0.09180049,-0.5379829,1.740201
-0.08730159,-0.1868927,1.869637,-0.1651894,-0.1809786,1.821932,-0.2096743,-0.547909,1.751682,-0.005674271,-0.185813,1.843246,0.09910423,-0.5387639,1.745131
-0.07596755,-0.188253,1.870672,-0.153813,-0.1810986,1.821996,-0.2027931,-0.5467504,1.752822,0.005007923,-0.1880876,1.844613,0.1056631,-0.5414183,1.74948
-0.06485127,-0.1896241,1.871272,-0.142951,-0.1818041,1.822072,-0.1930452,-0.5474236,1.754971,0.01584554,-0.1899454,1.845407,0.1136978,-0.5448129,1.753058
-0.05294484,-0.1908267,1.871925,-0.130888,-0.1818457,1.822536,-0.1839284,-0.547565,1.757847,0.02718597,-0.1921767,1.846061,0.1226014,-0.5495465,1.755611
-0.03926867,-0.1921263,1.873504,-0.1172906,-0.1823623,1.824552,-0.1754668,-0.5463653,1.761117,0.04033258,-0.1941682,1.847099,0.1317203,-0.5536862,1.75786
-0.003637475,-0.1951754,1.87589,-0.08110719,-0.1846636,1.826823,-0.1522899,-0.5450991,1.764906,0.07395059,-0.1978167,1.849526,0.1545696,-0.5567953,1.760102
0.01476547,-0.1961968,1.876252,-0.06318765,-0.1858304,1.827776,-0.1417069,-0.5491801,1.766618,0.09209007,-0.1986626,1.849284,0.1650372,-0.5576833,1.760751
0.03198357,-0.1959625,1.877832,-0.04633358,-0.1854255,1.828858,-0.1263628,-0.5508569,1.768227,0.108976,-0.1986201,1.851368,0.1763707,-0.5548323,1.762077
0.05023484,-0.1976942,1.880001,-0.02843113,-0.1869578,1.831384,-0.1139779,-0.5525284,1.768396,0.1268308,-0.2004938,1.8532,0.1868177,-0.5535971,1.765463
0.06644409,-0.1974258,1.882529,-0.01259271,-0.1863789,1.833377,-0.1016312,-0.5533936,1.766556,0.1427829,-0.2005626,1.85629,0.1989952,-0.5546367,1.771503
0.08216109,-0.1969077,1.884313,0.002306293,-0.1856928,1.835981,-0.08692353,-0.5517006,1.761188,0.1587241,-0.2002453,1.857251,0.209429,-0.5538844,1.776521
0.1058509,-0.1949297,1.886295,0.02521901,-0.1832318,1.838987,-0.05828285,-0.5499291,1.742627,0.1822339,-0.1988371,1.858245,0.2231284,-0.5591067,1.785015
0.1175096,-0.1943056,1.885552,0.03644017,-0.1825576,1.838377,-0.04347818,-0.5494324,1.730337,0.1938252,-0.198289,1.857401,0.2301258,-0.5644143,1.790179
0.1283465,-0.1933712,1.883649,0.04642302,-0.1818972,1.837394,-0.02794706,-0.5499018,1.719721,0.2051619,-0.1970877,1.854526,0.2360074,-0.5694177,1.794438
0.139654,-0.1924769,1.881977,0.05714585,-0.1812813,1.836488,-0.01253382,-0.5524345,1.712307,0.2165671,-0.195947,1.852125,0.2422108,-0.5760074,1.798318
0.1476042,-0.1928872,1.880356,0.06529977,-0.1816362,1.834971,0.004049726,-0.5568973,1.704912,0.2239579,-0.1963974,1.850465,0.2464813,-0.5829481,1.801125
0.1680211,-0.1967463,1.875103,0.08603641,-0.1857555,1.828743,0.03741969,-0.5710028,1.70128,0.2432233,-0.1998503,1.846272,0.2550254,-0.5953498,1.80317
0.1730087,-0.1989378,1.872358,0.09086788,-0.1884567,1.826435,0.06218943,-0.6055179,1.705128,0.2482087,-0.2014523,1.843098,0.2580315,-0.5999984,1.802145
0.1788547,-0.2023482,1.86949,0.09718797,-0.1925344,1.824153,0.07832779,-0.6168757,1.711979,0.2534049,-0.2041239,1.839723,0.2641991,-0.6330497,1.793421
0.1827975,-0.2042887,1.867795,0.1015906,-0.1949963,1.822891,0.1042666,-0.6215412,1.724947,0.256769,-0.2055038,1.837658,0.2641099,-0.6345189,1.791448
0.1880038,-0.2054791,1.865082,0.1068281,-0.1964864,1.819902,0.1150603,-0.6236836,1.728949,0.2616346,-0.2063048,1.83525,0.2644925,-0.6354225,1.788764
0.1926027,-0.2055688,1.862566,0.1111163,-0.1969798,1.817345,0.1128362,-0.6237549,1.721564,0.2663314,-0.2059277,1.832785,0.2722538,-0.6155273,1.776735
0.1935966,-0.2055776,1.861799,0.1118185,-0.1971075,1.817058,0.1017333,-0.621384,1.703478,0.2676612,-0.205728,1.831298,0.2733085,-0.6121567,1.774748
0.1941705,-0.2055353,1.861439,0.1121731,-0.1971857,1.817106,0.0908717,-0.6180805,1.686789,0.2686121,-0.2054457,1.830152,0.2749496,-0.6094618,1.773713
0.1947846,-0.2047638,1.859971,0.1123064,-0.1970606,1.817011,0.07674524,-0.5987401,1.66909,0.2698039,-0.2037382,1.826399,0.2759882,-0.6042272,1.770467
0.1941874,-0.2041444,1.858715,0.1117625,-0.1965893,1.816485,0.06462221,-0.5798537,1.65847,0.269188,-0.2031442,1.824613,0.2753489,-0.6017511,1.769394
0.1926067,-0.2035203,1.857142,0.1100776,-0.1959054,1.815284,0.05372707,-0.5735483,1.652524,0.2677527,-0.202695,1.823012,0.2742691,-0.5996113,1.768615
0.189426,-0.2024918,1.854042,0.1069068,-0.1948425,1.81307,0.03767544,-0.5619517,1.646657,0.2646018,-0.20182,1.81926,0.2718076,-0.5928201,1.767623
0.1854926,-0.2018958,1.850826,0.1029552,-0.1940211,1.810817,0.02015955,-0.5420301,1.646485,0.260701,-0.2015225,1.815174,0.2692438,-0.5890239,1.767435
0.1799064,-0.2011643,1.846543,0.09666228,-0.1928449,1.806499,0.003046973,-0.5279232,1.649747,0.2559285,-0.201229,1.811162,0.2652633,-0.5836415,1.767299
0.1698679,-0.2004434,1.841815,0.08623419,-0.1917826,1.801602,-0.01422161,-0.5176858,1.655216,0.246599,-0.20087,1.806725,0.2593044,-0.5757178,1.7668
0.1594723,-0.1987021,1.837841,0.07614765,-0.1902439,1.798537,-0.02989285,-0.510963,1.662406,0.2362255,-0.1989862,1.801822,0.2514251,-0.5641829,1.767552
0.1442177,-0.197731,1.832763,0.06136943,-0.1893342,1.795163,-0.04664069,-0.5097687,1.668689,0.2209942,-0.1979815,1.794945,0.2441216,-0.5570186,1.767453
0.1300437,-0.1964142,1.828865,0.04693141,-0.1881569,1.791481,-0.05905013,-0.508531,1.674491,0.2077867,-0.196585,1.79092,0.236399,-0.5534074,1.767415
0.1144268,-0.1964211,1.82539,0.03160577,-0.1890009,1.789447,-0.07108781,-0.5089432,1.678628,0.1923329,-0.1957114,1.785915,0.2265362,-0.5508531,1.76697
0.07809607,-0.1968563,1.817911,-0.004663825,-0.1892475,1.781445,-0.09362471,-0.5111713,1.678713,0.1576041,-0.1962952,1.778976,0.2032994,-0.5475804,1.760085
0.05855472,-0.1958866,1.814229,-0.02338224,-0.1882289,1.778358,-0.1076039,-0.5085145,1.676712,0.1380323,-0.1954001,1.774659,0.190886,-0.5498314,1.753654
0.04075705,-0.1939637,1.811546,-0.04058813,-0.186906,1.77588,-0.1220147,-0.5096465,1.675731,0.1203894,-0.1929323,1.771753,0.1780781,-0.5510316,1.743763
0.02110922,-0.1926783,1.808401,-0.05994343,-0.1856796,1.771805,-0.1365648,-0.5132884,1.676279,0.1012462,-0.1916311,1.769514,0.1662443,-0.5518915,1.732859
0.003051126,-0.1928186,1.805984,-0.07677623,-0.1856374,1.768583,-0.1477873,-0.5154541,1.676481,0.0826854,-0.1919481,1.767946,0.1532409,-0.5514593,1.720978
-0.01436515,-0.1935724,1.804657,-0.09383008,-0.1859222,1.766782,-0.1594293,-0.5190841,1.675604,0.06568503,-0.1931297,1.767085,0.138179,-0.5494251,1.70697
-0.02873811,-0.1928242,1.802513,-0.1084365,-0.1847176,1.763047,-0.1687662,-0.5211549,1.675614,0.05198832,-0.1928295,1.766433,0.1186034,-0.5461566,1.689201
-0.04320298,-0.1904738,1.801364,-0.1213389,-0.1827303,1.761549,-0.1781765,-0.5262901,1.676026,0.03668214,-0.1902195,1.765729,0.1005427,-0.5423359,1.674668
-0.05872699,-0.1866771,1.799989,-0.1368026,-0.1783996,1.758861,-0.1849513,-0.5298381,1.677735,0.02169185,-0.187083,1.765624,0.08298628,-0.53677,1.660075
-0.07339387,-0.1828972,1.798953,-0.1514171,-0.1738466,1.755478,-0.1918643,-0.5330057,1.680327,0.007313518,-0.1841463,1.76687,0.06638532,-0.5358082,1.646779
-0.08572967,-0.1780839,1.796898,-0.1628106,-0.168627,1.751944,-0.1971803,-0.5341372,1.683041,-0.005291245,-0.1799921,1.766366,0.04781621,-0.5321766,1.634109
-0.1052347,-0.1739504,1.791734,-0.1820753,-0.16402,1.744972,-0.2092245,-0.5420813,1.689464,-0.02403698,-0.1765214,1.763027,0.01250551,-0.5272837,1.617803
-0.1130386,-0.1740906,1.789326,-0.1896187,-0.1639389,1.742131,-0.2139695,-0.5460616,1.691388,-0.0317568,-0.1768823,1.76109,-0.003934529,-0.5245324,1.614608
-0.1205987,-0.1750306,1.786406,-0.1968322,-0.1645361,1.739336,-0.2178497,-0.5494637,1.691856,-0.0393183,-0.178134,1.758088,-0.02032329,-0.5248078,1.612138
-0.1263175,-0.176671,1.784494,-0.2021452,-0.1660584,1.737484,-0.2216481,-0.555029,1.692552,-0.04519055,-0.1798198,1.756153,-0.03166429,-0.5265548,1.612156
-0.1312278,-0.1787983,1.782285,-0.2070125,-0.168233,1.735851,-0.2262557,-0.5978978,1.693405,-0.04996961,-0.1818224,1.753357,-0.04248886,-0.5288505,1.61306
-0.1382977,-0.1817647,1.780977,-0.2134146,-0.1708343,1.73525,-0.2302912,-0.5690125,1.689823,-0.05740725,-0.1850346,1.751353,-0.05186602,-0.5323544,1.615003
-0.1392765,-0.1821089,1.780707,-0.2143654,-0.1711717,1.734958,-0.2303353,-0.5690022,1.689908,-0.05835405,-0.1853637,1.751122,-0.05123557,-0.535215,1.615959
-0.139571,-0.1822404,1.780592,-0.2147528,-0.1713546,1.734854,-0.2308344,-0.568072,1.690336,-0.05855475,-0.185446,1.751009,-0.0494362,-0.5343574,1.616574
-0.1398632,-0.1820926,1.780384,-0.2151122,-0.1711847,1.734719,-0.2315948,-0.5638922,1.691357,-0.05877961,-0.1853148,1.750722,-0.04265578,-0.5297654,1.617977
-0.1397494,-0.1818094,1.780343,-0.2150712,-0.1708909,1.734622,-0.2318389,-0.560813,1.692485,-0.05857699,-0.1850254,1.75074,-0.03546249,-0.5278707,1.62031
-0.1391857,-0.1813576,1.780517,-0.2146136,-0.1704951,1.734728,-0.2317115,-0.5560956,1.694152,-0.05790975,-0.1845316,1.750996,-0.02542236,-0.5258198,1.623324
-0.1375226,-0.1807166,1.781051,-0.2133383,-0.1699354,1.735039,-0.2303992,-0.5526112,1.695742,-0.05586626,-0.1838374,1.7518,-0.01270918,-0.5265975,1.627132
-0.1344456,-0.1801496,1.781492,-0.2107669,-0.1691585,1.734985,-0.2288294,-0.5498081,1.696793,-0.05228873,-0.1835385,1.752812,0.004015426,-0.5275958,1.632128
-0.1300993,-0.1795185,1.781813,-0.206959,-0.168321,1.734446,-0.2267392,-0.5456194,1.698045,-0.04745693,-0.1831439,1.754058,0.01838163,-0.5240527,1.637958
-0.1243895,-0.1788202,1.78253,-0.2016638,-0.1675752,1.735091,-0.223288,-0.5390029,1.700318,-0.04177568,-0.1825329,1.754751,0.03377112,-0.5183291,1.645379
-0.1173965,-0.1779726,1.783346,-0.1947996,-0.1667822,1.736232,-0.2204189,-0.5327835,1.701652,-0.03501206,-0.1816609,1.755175,0.04788789,-0.5165527,1.651395
-0.107409,-0.1777127,1.783892,-0.1851227,-0.1664054,1.737163,-0.2176775,-0.5302563,1.702823,-0.02515626,-0.1815202,1.755272,0.06138188,-0.5173563,1.65775
-0.08301556,-0.179687,1.782587,-0.1608198,-0.1683957,1.736252,-0.2073561,-0.5216269,1.704715,-0.00171147,-0.1833757,1.753516,0.08967181,-0.5237685,1.6681
-0.06797923,-0.1817708,1.782248,-0.1453337,-0.1708376,1.736295,-0.1968088,-0.5155237,1.703468,0.01225836,-0.1850276,1.752786,0.1035322,-0.5276679,1.672776
-0.05149922,-0.1839673,1.781227,-0.1290519,-0.1737459,1.736284,-0.1862328,-0.5125511,1.701035,0.02830445,-0.1864197,1.750728,0.1146125,-0.5314456,1.676093
-0.03410588,-0.1858693,1.780181,-0.1114956,-0.1761278,1.735543,-0.173542,-0.508213,1.6976,0.04471454,-0.1877542,1.749374,0.1264145,-0.5351648,1.679276
-0.01441951,-0.1867617,1.779108,-0.09170198,-0.1773421,1.734497,-0.1610752,-0.5102653,1.693999,0.06345123,-0.1882757,1.748259,0.139571,-0.5368072,1.679888
0.02939504,-0.1874369,1.775481,-0.04799509,-0.1785719,1.727566,-0.1360646,-0.51567,1.684079,0.1056801,-0.1883508,1.747851,0.1720044,-0.5357052,1.677716
0.05012054,-0.1871168,1.774066,-0.02689784,-0.1777329,1.724129,-0.1209668,-0.5187404,1.676445,0.1251305,-0.1885221,1.748436,0.1869917,-0.5347246,1.675982
0.0712712,-0.1867638,1.773463,-0.00582499,-0.1775942,1.722713,-0.1071323,-0.5219936,1.66895,0.1452589,-0.1879885,1.748749,0.1991381,-0.5340599,1.676682
0.08877125,-0.1857903,1.773519,0.01049532,-0.1768423,1.722054,-0.08387163,-0.5187589,1.652905,0.1632531,-0.186827,1.749627,0.2160912,-0.5359508,1.678191
0.1067833,-0.1846777,1.77379,0.02825109,-0.1762149,1.722663,-0.06470832,-0.5167047,1.637573,0.1807004,-0.1852935,1.749595,0.225149,-0.5369507,1.679893
0.1254097,-0.1832729,1.773321,0.04691566,-0.1750627,1.721634,-0.04221737,-0.5121301,1.619098,0.1985162,-0.1837028,1.749718,0.2333782,-0.5385301,1.682448
0.1490612,-0.1832493,1.772654,0.06990355,-0.1741359,1.720133,-0.00256236,-0.5103317,1.583691,0.2218486,-0.1845905,1.749972,0.2495545,-0.5443217,1.685648
0.1611207,-0.1813698,1.772259,0.08253091,-0.1725182,1.719047,0.01341524,-0.5189556,1.570891,0.2328542,-0.1825412,1.750256,0.2551352,-0.5475274,1.68715
0.1705741,-0.1809367,1.770553,0.09251373,-0.1722031,1.716238,0.02673424,-0.5282742,1.560092,0.241427,-0.182006,1.749599,0.260778,-0.5508362,1.688096
0.1806707,-0.1804332,1.768573,0.103438,-0.1711935,1.71294,0.04097186,-0.5303747,1.554254,0.2503178,-0.1819559,1.748872,0.2653569,-0.5547582,1.688659
0.1920668,-0.1798147,1.765695,0.1153541,-0.1706022,1.708977,0.05515212,-0.5351689,1.550525,0.2605897,-0.181357,1.74715,0.2707917,-0.5601875,1.68943
0.2026723,-0.1807787,1.756932,0.1252896,-0.1719855,1.701244,0.0826885,-0.5647589,1.548677,0.2713684,-0.1817851,1.73737,0.2795894,-0.6037909,1.689774
0.2082416,-0.181895,1.75261,0.1307803,-0.1736831,1.697683,0.09307134,-0.5731274,1.553466,0.2767496,-0.1822582,1.732373,0.2805452,-0.6081059,1.688738
0.2153638,-0.1814589,1.748918,0.1380483,-0.1740497,1.694313,0.09702229,-0.5765483,1.554853,0.2834094,-0.1810602,1.728469,0.2820961,-0.6098051,1.687766
0.2202786,-0.181193,1.745581,0.1429061,-0.174255,1.690704,0.09998137,-0.5782217,1.556733,0.2881259,-0.1803522,1.725472,0.2847164,-0.6103508,1.68572
0.2236797,-0.1816353,1.743123,0.1464232,-0.1750222,1.688849,0.1020975,-0.580113,1.558493,0.2913042,-0.180435,1.72238,0.2868804,-0.610433,1.68342
0.2253477,-0.1821266,1.741884,0.1480173,-0.1755463,1.688146,0.1029888,-0.5811966,1.559893,0.2929864,-0.1808703,1.72053,0.2888656,-0.6108639,1.681293
0.226556,-0.1826006,1.740625,0.1490132,-0.1760945,1.687463,0.103204,-0.581654,1.560662,0.2943618,-0.1812039,1.718586,0.2911214,-0.610433,1.678746
0.2272425,-0.182899,1.739526,0.1494882,-0.1763895,1.687038,0.1033545,-0.5821526,1.561284,0.2952248,-0.1814378,1.716578,0.2940376,-0.6069394,1.674558
0.2275679,-0.1834789,1.738648,0.1496805,-0.1768606,1.686812,0.1031534,-0.5840828,1.562146,0.2956957,-0.1820913,1.714746,0.2955391,-0.6060607,1.671836
0.2275503,-0.1835815,1.738497,0.1496182,-0.1769303,1.686872,0.1025917,-0.5847825,1.562985,0.2957727,-0.1822948,1.714108,0.2961203,-0.605499,1.670379
0.2274604,-0.1836039,1.738513,0.1492619,-0.1769512,1.687335,0.1010565,-0.5857145,1.564617,0.295715,-0.1823433,1.713978,0.2962243,-0.6051861,1.669691
0.2266686,-0.1834568,1.739093,0.1473605,-0.1766421,1.690034,0.09858016,-0.5864454,1.566908,0.295408,-0.1822722,1.71387,0.2961867,-0.6042125,1.669278
0.2233842,-0.1817309,1.742903,0.1419698,-0.1741191,1.698087,0.08527191,-0.5658969,1.581631,0.294241,-0.1814638,1.7146,0.2937053,-0.5951587,1.671004
0.22116,-0.1811111,1.745279,0.1384024,-0.1734841,1.703529,0.07405624,-0.52298,1.59108,0.2933564,-0.181056,1.714849,0.2895916,-0.5668458,1.674023
0.2179734,-0.1803206,1.749157,0.1338161,-0.1733753,1.712213,0.06914826,-0.5179176,1.593998,0.29176,-0.180158,1.71527,0.2874713,-0.5593626,1.675614
0.2147865,-0.179793,1.751922,0.1300834,-0.1733978,1.71717,0.06207233,-0.5153981,1.598325,0.2896146,-0.1792554,1.715479,0.2852104,-0.555312,1.677293
0.2094524,-0.1792377,1.755342,0.1249415,-0.1729891,1.721595,0.05142755,-0.5119733,1.607336,0.2849916,-0.178425,1.716582,0.282223,-0.551338,1.67983
0.2025671,-0.1795191,1.757558,0.1182135,-0.1731992,1.724646,0.04044465,-0.5085361,1.61508,0.2782844,-0.1785521,1.717055,0.2781153,-0.5480096,1.682985
0.1947481,-0.1795048,1.759583,0.1106845,-0.172904,1.727104,0.02743599,-0.5082843,1.622658,0.2705501,-0.1786744,1.717963,0.2748021,-0.5446846,1.685552
0.174349,-0.1795221,1.7632,0.0913199,-0.1723754,1.730775,0.001712919,-0.5104899,1.636778,0.2499069,-0.1790948,1.720733,0.2666097,-0.5383847,1.688833
0.1642168,-0.1800711,1.763171,0.08146432,-0.1730077,1.731152,-0.009602888,-0.5133482,1.642196,0.239916,-0.1794975,1.720122,0.2613859,-0.5343798,1.688232
0.1516145,-0.1798513,1.763229,0.06930531,-0.1726587,1.731589,-0.02050118,-0.5161996,1.64723,0.2274192,-0.1793905,1.719665,0.2558392,-0.532643,1.687206
0.136742,-0.1801526,1.761692,0.05466705,-0.172508,1.72985,-0.02939878,-0.5209933,1.650939,0.2129481,-0.1801034,1.718237,0.2470582,-0.5303366,1.684245
0.1205686,-0.1796646,1.761889,0.03940206,-0.1714907,1.730179,-0.03907644,-0.525093,1.655804,0.1965462,-0.1801754,1.718231,0.2376143,-0.5281075,1.681221
0.1026799,-0.1800636,1.759346,0.02140046,-0.1714717,1.727348,-0.04830606,-0.5266024,1.657258,0.1795475,-0.1809347,1.715919,0.2227606,-0.5282685,1.676459
0.08291395,-0.1790023,1.758606,0.002348163,-0.1698626,1.726751,-0.06109812,-0.5253041,1.660747,0.1599108,-0.1804679,1.714991,0.2088808,-0.5275613,1.672886
0.06539913,-0.1781061,1.756136,-0.01524189,-0.1684839,1.72476,-0.07486439,-0.5238484,1.663531,0.1432067,-0.1800643,1.712021,0.194949,-0.5269861,1.66748
0.04453815,-0.1783162,1.753516,-0.03562207,-0.1682795,1.722594,-0.08470763,-0.5243716,1.663763,0.1227884,-0.1806741,1.708918,0.1786953,-0.5255497,1.659516
0.02567956,-0.1784105,1.752729,-0.05425119,-0.1677259,1.721588,-0.09545124,-0.5282294,1.664791,0.1045061,-0.1814027,1.708338,0.1648976,-0.5267515,1.650938
0.008662491,-0.1798607,1.752747,-0.07090986,-0.169031,1.721221,-0.1117614,-0.5349277,1.668916,0.08788128,-0.1829395,1.708748,0.1481279,-0.5309945,1.63842
-0.02071974,-0.1818273,1.751071,-0.09949486,-0.1708835,1.720408,-0.1294303,-0.5412424,1.672091,0.05898366,-0.1849294,1.706224,0.1199305,-0.5357937,1.610903
-0.03193031,-0.1825232,1.751105,-0.1102995,-0.1715701,1.720194,-0.135637,-0.5444807,1.672992,0.04784647,-0.1856095,1.706531,0.1063977,-0.5330107,1.598605
-0.04271176,-0.1825227,1.750797,-0.1207431,-0.1716068,1.719542,-0.1402713,-0.5468714,1.67316,0.03718691,-0.1855727,1.706583,0.09578086,-0.5377398,1.589487
-0.05268972,-0.1823656,1.750473,-0.1300989,-0.1711601,1.718948,-0.1456903,-0.5487546,1.674264,0.02700126,-0.1857254,1.706559,0.0865988,-0.5377961,1.582516
-0.05971005,-0.1821755,1.749729,-0.1370749,-0.1707932,1.717932,-0.1498702,-0.550776,1.674021,0.02024536,-0.1857109,1.706091,0.07937343,-0.5380442,1.577737
-0.06602378,-0.1817311,1.749586,-0.1431228,-0.1702589,1.717165,-0.1535284,-0.5519207,1.674401,0.0138787,-0.1853727,1.706597,0.07433785,-0.5388224,1.575484
-0.07081687,-0.1814372,1.749224,-0.1479765,-0.1699643,1.716209,-0.1572408,-0.5528874,1.674404,0.009323942,-0.1850884,1.706808,0.06954383,-0.5388442,1.574374
-0.07482874,-0.1813852,1.748597,-0.1519734,-0.1697378,1.715104,-0.1607533,-0.5530469,1.67336,0.005465993,-0.1852057,1.706653,0.06718636,-0.5390653,1.57426
-0.07674322,-0.1812093,1.748618,-0.1534608,-0.1694961,1.714744,-0.1639035,-0.5534292,1.671835,0.003084242,-0.1851197,1.707173,0.06510185,-0.5391204,1.575205
-0.07981601,-0.1814684,1.748705,-0.1566774,-0.169549,1.714517,-0.1667503,-0.5531968,1.669972,0.0003401902,-0.1855585,1.70754,0.06345892,-0.539158,1.576285
-0.08257458,-0.1823007,1.749795,-0.1594026,-0.1699702,1.714367,-0.170284,-0.5520406,1.667835,-0.002527845,-0.1869368,1.710284,0.06060529,-0.53526,1.583009
-0.08321767,-0.1825893,1.751129,-0.1597938,-0.1699698,1.714593,-0.1706552,-0.5518575,1.667812,-0.00326207,-0.1877709,1.713619,0.06079116,-0.5321252,1.587398
-0.08314107,-0.1827755,1.753173,-0.159835,-0.1699006,1.715004,-0.1706864,-0.5515697,1.668044,-0.002864913,-0.1884045,1.717794,0.0623324,-0.5289285,1.594487
-0.08254476,-0.1834618,1.756461,-0.1597328,-0.170125,1.716626,-0.1703878,-0.5506814,1.669649,-0.001683662,-0.1894282,1.722196,0.06544136,-0.5289516,1.601955
-0.08015062,-0.1854525,1.761293,-0.158206,-0.1713358,1.719962,-0.1689419,-0.550388,1.671877,0.001369061,-0.1919357,1.727904,0.07017463,-0.5313623,1.612607
-0.0762521,-0.1869753,1.766522,-0.1544548,-0.1729737,1.725831,-0.1667091,-0.5492988,1.675998,0.005096328,-0.1931648,1.732169,0.07656262,-0.5354289,1.623306
-0.06667913,-0.188438,1.779055,-0.1453642,-0.1754205,1.739291,-0.1613973,-0.5480481,1.682925,0.01476308,-0.1935611,1.743571,0.09192563,-0.5391035,1.642283
-0.05988158,-0.1892932,1.784981,-0.1393447,-0.1767093,1.744477,-0.1585201,-0.5471723,1.685158,0.02211087,-0.1938788,1.750227,0.1004198,-0.539853,1.652294
-0.05056262,-0.1917798,1.792574,-0.1308904,-0.1792657,1.751089,-0.154518,-0.5458884,1.688757,0.03188664,-0.1961983,1.758774,0.109948,-0.5412641,1.663224
-0.04182724,-0.1928545,1.797416,-0.1226561,-0.180749,1.755332,-0.1498392,-0.5440347,1.691191,0.04075752,-0.196828,1.76419,0.1165927,-0.5409247,1.668725
-0.03181717,-0.1926657,1.803252,-0.1128964,-0.1810668,1.760867,-0.1444932,-0.5422345,1.693221,0.05057527,-0.1961755,1.770273,0.1240579,-0.5435331,1.674252
-0.02157734,-0.1944017,1.806988,-0.1025184,-0.183134,1.765139,-0.1361741,-0.5402099,1.694033,0.060261,-0.1975554,1.773476,0.1306196,-0.5448392,1.678185
-0.0117729,-0.1950523,1.809648,-0.09301101,-0.1840431,1.768011,-0.1303706,-0.5407429,1.694752,0.06994366,-0.1979312,1.775899,0.1362454,-0.5422361,1.681581
-0.002663721,-0.1948714,1.812652,-0.08392079,-0.1840771,1.771399,-0.1240775,-0.5393452,1.694575,0.0786961,-0.1975619,1.778516,0.1422404,-0.5393631,1.685315
0.005741983,-0.1946804,1.813867,-0.07581912,-0.1841847,1.773151,-0.1184557,-0.5363078,1.693433,0.08709541,-0.1970801,1.779182,0.1474943,-0.5377745,1.688043
0.01339488,-0.1943097,1.814808,-0.06816621,-0.1839969,1.774449,-0.1138985,-0.5363285,1.690881,0.09441227,-0.1965508,1.77977,0.152614,-0.5364189,1.690439
0.02004661,-0.1939815,1.815543,-0.06164206,-0.1836811,1.775764,-0.1091999,-0.533263,1.685766,0.1009456,-0.1962238,1.779927,0.1576241,-0.5334391,1.69207
0.02587391,-0.1938634,1.816923,-0.05622355,-0.1836368,1.777818,-0.106515,-0.5306141,1.681373,0.1070004,-0.1960398,1.780629,0.1620118,-0.5314856,1.693662
0.03150606,-0.1934768,1.818301,-0.05092255,-0.1834345,1.779783,-0.1044631,-0.5252503,1.676108,0.1127321,-0.1954874,1.781417,0.1668416,-0.5294851,1.694148
0.0355409,-0.1931248,1.820909,-0.04698621,-0.1833574,1.78361,-0.1042133,-0.524755,1.675734,0.1167808,-0.1949082,1.783014,0.1699903,-0.5279388,1.695212
0.04094058,-0.1928264,1.824754,-0.04199865,-0.1837206,1.788747,-0.10315,-0.5224935,1.678752,0.1223393,-0.1940253,1.785637,0.1729405,-0.5255805,1.694626
0.04257352,-0.193699,1.827967,-0.04068954,-0.1849936,1.792372,-0.1025144,-0.5217068,1.681644,0.1241494,-0.1944921,1.788377,0.1742521,-0.5245672,1.693097
0.04274901,-0.1960887,1.832196,-0.04076963,-0.1876846,1.796925,-0.1025449,-0.5207379,1.684549,0.1245302,-0.1964732,1.792187,0.1755083,-0.5229935,1.689023
0.04252741,-0.2025976,1.842756,-0.04133241,-0.1941943,1.807653,-0.1030423,-0.5193737,1.685263,0.1246531,-0.2027123,1.802498,0.1783115,-0.5193483,1.679908
0.04322042,-0.2132539,1.854502,-0.04206033,-0.2046663,1.8192,-0.1064477,-0.5156358,1.680747,0.1267779,-0.2132539,1.814562,0.1818757,-0.5150002,1.667509
0.0430826,-0.2270167,1.864193,-0.04347784,-0.219383,1.829931,-0.1156746,-0.5099425,1.664193,0.1278049,-0.2255841,1.823277,0.1831143,-0.5114284,1.659389
0.03913752,-0.2484619,1.874578,-0.0481289,-0.2390054,1.839743,-0.1227927,-0.5099247,1.652367,0.1248673,-0.2479837,1.834253,0.1864327,-0.5204029,1.647162
0.03698994,-0.2783973,1.927913,-0.05090317,-0.2696197,1.892724,-0.1256638,-0.5077646,1.645416,0.1234438,-0.2763361,1.888041,0.1874018,-0.5111724,1.643996
0.03170921,-0.3004646,1.929885,-0.05591223,-0.288705,1.895511,-0.1424718,-0.4635341,1.608517,0.1181039,-0.3007832,1.889222,0.2041967,-0.4820004,1.607206
0.02883611,-0.3269636,1.933325,-0.05934019,-0.3157681,1.89912,-0.145474,-0.4706987,1.599582,0.1158903,-0.325471,1.892701,0.2071399,-0.4868939,1.599288
0.02635858,-0.3806324,1.935266,-0.06189693,-0.3696904,1.901171,-0.1521171,-0.4958882,1.582354,0.1136055,-0.3769671,1.894946,0.2117387,-0.5060008,1.586629
0.02576393,-0.4087795,1.934375,-0.06287902,-0.3978442,1.899208,-0.156536,-0.5062948,1.57246,0.1134104,-0.4040833,1.895314,0.2146776,-0.5207437,1.571777
0.02533412,-0.4354201,1.933854,-0.0636292,-0.4241413,1.898391,-0.1612395,-0.5183449,1.559063,0.1133224,-0.4300304,1.895315,0.216576,-0.532114,1.559927
0.02531508,-0.459825,1.932671,-0.06355203,-0.4482909,1.897802,-0.1643783,-0.5271456,1.550168,0.1132157,-0.4538193,1.893756,0.2190832,-0.5449393,1.549019
0.02695747,-0.4879285,1.931211,-0.06132007,-0.4773557,1.896239,-0.1679885,-0.5371016,1.539484,0.1142391,-0.4799662,1.892643,0.2211746,-0.5588427,1.539199
0.02740831,-0.5113488,1.930109,-0.06064349,-0.5006098,1.894579,-0.1718734,-0.5460637,1.530305,0.1144302,-0.5026763,1.892319,0.222319,-0.5643367,1.535521
0.0285659,-0.5370993,1.926558,-0.0591522,-0.5266777,1.890333,-0.1774654,-0.5576365,1.518173,0.1152124,-0.5271875,1.889704,0.2240592,-0.5694733,1.533305
0.02998031,-0.5600404,1.922989,-0.05735603,-0.5494102,1.887138,-0.1792011,-0.5622054,1.513673,0.1161866,-0.5494651,1.886027,0.2261075,-0.5757447,1.53016
0.03007518,-0.5837048,1.918808,-0.05690759,-0.5727617,1.883193,-0.1818004,-0.5684098,1.508369,0.1159224,-0.572585,1.881873,0.23023,-0.5850155,1.523256
0.03072352,-0.5979677,1.916485,-0.0556424,-0.5889016,1.879908,-0.1837472,-0.5746226,1.504223,0.116011,-0.5846447,1.880545,0.2335548,-0.5951927,1.514954
0.03189821,-0.6271462,1.915801,-0.05446601,-0.6157745,1.88033,-0.1870107,-0.5839242,1.498812,0.1170733,-0.6149141,1.879125,0.2363442,-0.6013979,1.510646
0.03196348,-0.6434489,1.913885,-0.05473418,-0.6325325,1.879041,-0.1894019,-0.5908663,1.493767,0.1174535,-0.6302443,1.876838,0.24068,-0.608372,1.502312
0.0328862,-0.6610464,1.912474,-0.05374594,-0.6498498,1.877996,-0.1912732,-0.5982851,1.489145,0.1182831,-0.6474707,1.875282,0.2442071,-0.6121651,1.498346
0.03284327,-0.6741322,1.91202,-0.05377075,-0.663062,1.87754,-0.1930237,-0.6033208,1.48584,0.1182284,-0.6599954,1.874987,0.2549083,-0.6086619,1.489369
0.03546435,-0.6899508,1.90834,-0.05115911,-0.6788912,1.873852,-0.1943004,-0.6070704,1.484036,0.1207625,-0.6752333,1.871523,0.263528,-0.6003638,1.484977
0.03650543,-0.6997462,1.906547,-0.04994603,-0.6880897,1.872886,-0.1951876,-0.6101619,1.483157,0.1215904,-0.6853482,1.868979,0.2743644,-0.5919684,1.475774
0.03661768,-0.7061064,1.905037,-0.04987717,-0.6944523,1.871817,-0.1957418,-0.6124161,1.482812,0.1217462,-0.6914565,1.867133,0.2767677,-0.5917467,1.472754
0.03694437,-0.7094926,1.903927,-0.04956013,-0.6979434,1.870899,-0.1965426,-0.6140074,1.482193,0.1220721,-0.6946046,1.865891,0.2786013,-0.5900599,1.469745
0.03710188,-0.7101293,1.903235,-0.04935567,-0.6988135,1.870207,-0.1968782,-0.6144053,1.481916,0.1221869,-0.695019,1.865203,0.2813023,-0.5833477,1.4663
0.03709669,-0.7099,1.903086,-0.04934873,-0.6986608,1.870131,-0.1969564,-0.6144503,1.481791,0.122163,-0.6946917,1.864952,0.2811383,-0.5824311,1.466119
0.0367543,-0.7039154,1.903738,-0.04968577,-0.6923733,1.871287,-0.1968888,-0.6139709,1.481975,0.1218264,-0.6891271,1.865081,0.280116,-0.5817394,1.465618
0.03378577,-0.6539201,1.910812,-0.0528312,-0.6427337,1.878911,-0.1953673,-0.6040476,1.487951,0.11915,-0.6405697,1.870962,0.261116,-0.5860022,1.473893
0.03102533,-0.6239768,1.914965,-0.05596332,-0.613593,1.882344,-0.1944796,-0.5936331,1.495805,0.116859,-0.6108435,1.875494,0.2368022,-0.6000711,1.487576
0.02942854,-0.5917616,1.919233,-0.05743143,-0.5812134,1.886678,-0.1931744,-0.5842822,1.502271,0.1151925,-0.5799709,1.87933,0.2319033,-0.5965912,1.495986
0.02731966,-0.552036,1.922382,-0.05985512,-0.5427246,1.889334,-0.1921517,-0.5766063,1.506525,0.1134739,-0.5404057,1.882548,0.2272472,-0.5903078,1.505369
0.02672032,-0.5173342,1.926031,-0.06097424,-0.5088081,1.89235,-0.1903142,-0.5653876,1.513661,0.1134112,-0.5061808,1.886476,0.2199911,-0.5746773,1.522338
0.02417187,-0.4788815,1.928864,-0.06436655,-0.4697049,1.895417,-0.1850683,-0.548069,1.529097,0.111767,-0.4697465,1.888719,0.2193477,-0.5686672,1.526834
0.02138124,-0.4493327,1.929753,-0.066649,-0.4410653,1.895926,-0.1824144,-0.5298136,1.546784,0.1085909,-0.4404107,1.889719,0.218139,-0.5575308,1.535292
0.01994906,-0.4131769,1.930231,-0.06754893,-0.4042023,1.897384,-0.1784586,-0.5161691,1.562261,0.1067092,-0.4061999,1.888957,0.2172458,-0.5422419,1.549747
0.02061272,-0.3819859,1.928929,-0.06666204,-0.3749106,1.896106,-0.1737925,-0.5031759,1.575401,0.1070985,-0.3743369,1.887361,0.2131034,-0.5168836,1.574718
0.02041636,-0.3504781,1.926502,-0.06668182,-0.3414528,1.894252,-0.1679057,-0.4843786,1.593581,0.1067523,-0.3457989,1.884189,0.2104477,-0.4989084,1.590602
0.0210681,-0.3238579,1.923979,-0.06547037,-0.3163538,1.892196,-0.1655571,-0.4745604,1.599666,0.1067857,-0.3187793,1.880973,0.2095045,-0.4879684,1.596962
0.02104633,-0.2941605,1.920457,-0.06472243,-0.2866655,1.888836,-0.1625711,-0.463094,1.607211,0.1060215,-0.2901418,1.877113,0.2059354,-0.4769631,1.604523
0.02246207,-0.2706199,1.916897,-0.06283011,-0.2642691,1.885463,-0.1580561,-0.4572061,1.615161,0.1068822,-0.2663548,1.873232,0.2009376,-0.4683149,1.610552
0.02437664,-0.2522696,1.91317,-0.06045061,-0.2462373,1.88164,-0.1527004,-0.4545387,1.623311,0.1082648,-0.2483766,1.869507,0.1962186,-0.462707,1.615616
0.02434687,-0.2374873,1.908196,-0.05999358,-0.2308519,1.876828,-0.1452283,-0.4547188,1.630919,0.1077713,-0.2347048,1.864311,0.192257,-0.4597449,1.619793
0.02706036,-0.2257563,1.901843,-0.05672478,-0.2198156,1.870046,-0.138928,-0.4603783,1.641976,0.1098082,-0.2227004,1.85832,0.1868171,-0.4596566,1.624139
0.02736939,-0.2214168,1.898389,-0.05608591,-0.2150037,1.865837,-0.1315841,-0.4682283,1.651815,0.1098141,-0.2189706,1.855535,0.18324,-0.4612752,1.626453
0.03177606,-0.215133,1.889813,-0.0507394,-0.2091681,1.857781,-0.1255005,-0.47384,1.660944,0.1130777,-0.2124415,1.846399,0.1809219,-0.4655657,1.629455
0.03567959,-0.2115651,1.881809,-0.0472446,-0.2055331,1.850741,-0.1150637,-0.4798596,1.667714,0.1172356,-0.2091174,1.837409,0.1784942,-0.4716154,1.631845
0.03794356,-0.2107652,1.879369,-0.04514277,-0.2045626,1.848123,-0.1078203,-0.4799431,1.664701,0.1195467,-0.2085068,1.835174,0.1782398,-0.4727252,1.631383
0.04137517,-0.20933,1.87544,-0.04176455,-0.2024846,1.844552,-0.106534,-0.480428,1.666983,0.1229316,-0.2077515,1.830851,0.1795201,-0.4735312,1.628807
0.05414015,-0.2006441,1.823613,-0.02992188,-0.1933224,1.794426,-0.1052464,-0.4925956,1.682735,0.1359924,-0.1996742,1.777426,0.1813422,-0.4946116,1.631657
0.05666045,-0.1963826,1.819702,-0.02677329,-0.190464,1.792228,-0.08310238,-0.5412952,1.697197,0.1375895,-0.1935462,1.771029,0.1736263,-0.5281656,1.642288
0.05954577,-0.1939737,1.817686,-0.0228006,-0.1884986,1.79121,-0.08232803,-0.5412935,1.697444,0.1395298,-0.1907959,1.768091,0.1739092,-0.5285581,1.64238
0.06288017,-0.1918688,1.816076,-0.01836579,-0.1866597,1.790622,-0.08031218,-0.5429316,1.698525,0.1418792,-0.1885781,1.765638,0.1745602,-0.5290164,1.642612
0.06602698,-0.1907248,1.815447,-0.01331029,-0.185858,1.791916,-0.0767348,-0.5448003,1.700435,0.1439868,-0.1870815,1.763444,0.1758985,-0.5304143,1.642915
0.06882226,-0.1903231,1.815047,-0.008487836,-0.1863223,1.793861,-0.06947773,-0.5488,1.704432,0.1457715,-0.18602,1.76111,0.1778442,-0.5326605,1.643447
0.07148585,-0.1900738,1.815108,-0.002587061,-0.1872603,1.796456,-0.06229904,-0.5597293,1.710947,0.1465539,-0.185209,1.759829,0.1796158,-0.5350823,1.644867
0.07376958,-0.1897458,1.814856,0.002473235,-0.1881112,1.79729,-0.05596193,-0.5761502,1.717882,0.1468276,-0.1841521,1.758693,0.1834109,-0.5508485,1.648811
0.07804398,-0.1858666,1.814766,0.01282329,-0.1841077,1.801181,-0.05545777,-0.5821644,1.724213,0.1464603,-0.1786023,1.754955,0.1835566,-0.5517274,1.649567
0.08036246,-0.1843944,1.814651,0.01724848,-0.1832145,1.80223,-0.05675893,-0.585547,1.730597,0.1462205,-0.1768437,1.753607,0.1836258,-0.551144,1.650721
0.08144596,-0.184425,1.814932,0.02025705,-0.1841248,1.803127,-0.05829028,-0.5885006,1.739224,0.1459432,-0.1766672,1.753481,0.1833262,-0.5508999,1.651326
0.08286664,-0.1865354,1.81583,0.02379441,-0.1884474,1.804497,-0.06155873,-0.5952432,1.750857,0.1452138,-0.1775099,1.753753,0.1828448,-0.5511252,1.652051
0.08996237,-0.2240961,1.815067,0.02955215,-0.2326049,1.801041,-0.06251449,-0.5995177,1.75997,0.1478715,-0.2060395,1.753956,0.1823243,-0.5535469,1.651991
0.08912665,-0.2298989,1.814403,0.02872537,-0.2362204,1.801201,-0.06167641,-0.6005033,1.77055,0.1466526,-0.2146635,1.752107,0.1799784,-0.5651767,1.650887
0.0870892,-0.2343201,1.813696,0.02614702,-0.2395338,1.801582,-0.05702325,-0.5955665,1.781132,0.1450154,-0.2202197,1.750217,0.1776572,-0.5653948,1.650447
0.085103,-0.236816,1.813979,0.02351436,-0.2420795,1.80306,-0.05442274,-0.5949625,1.788366,0.1434098,-0.2225546,1.749634,0.174073,-0.5774282,1.650034
0.08285378,-0.2380753,1.813851,0.021263,-0.2431143,1.804187,-0.0531235,-0.5961514,1.791287,0.1407536,-0.2240683,1.748131,0.1703253,-0.5727136,1.649636
0.0799504,-0.2403179,1.814039,0.01888559,-0.2456313,1.805184,-0.05220572,-0.5969089,1.79362,0.1375314,-0.2256784,1.747636,0.1673173,-0.5893046,1.649008
0.07814431,-0.242417,1.813748,0.01761741,-0.2479959,1.804525,-0.052791,-0.5994881,1.794303,0.1352958,-0.2273124,1.747769,0.166709,-0.5911863,1.64853
0.0773557,-0.2439485,1.813358,0.01708077,-0.2503092,1.802658,-0.05392125,-0.6009195,1.794177,0.1341812,-0.2284921,1.748439,0.1662597,-0.5917219,1.648423
0.07159008,-0.2306596,1.815309,0.01521403,-0.2379269,1.804792,-0.05602936,-0.6030982,1.793052,0.1237586,-0.2131916,1.750579,0.1660889,-0.5920044,1.648437
0.07043921,-0.2239614,1.816125,0.01563627,-0.2273148,1.800417,-0.06181478,-0.6128958,1.788485,0.1214302,-0.2078685,1.756055,0.1658025,-0.577984,1.648144
0.06871683,-0.2145879,1.815247,0.01400536,-0.2180601,1.797436,-0.06378455,-0.6175584,1.78474,0.120227,-0.2010237,1.75724,0.1663745,-0.5760355,1.649104
0.06736352,-0.2106351,1.816797,0.01229354,-0.2143931,1.800765,-0.06688157,-0.6183552,1.781508,0.119299,-0.1971388,1.757472,0.1683862,-0.5683059,1.652226
0.06588425,-0.203609,1.817947,0.008328287,-0.2061135,1.806795,-0.07415161,-0.6000287,1.769229,0.1197535,-0.190209,1.7549,0.170704,-0.5619828,1.653902
0.06561063,-0.2019126,1.818028,0.006884395,-0.2041071,1.806504,-0.07718972,-0.5887259,1.759642,0.1205011,-0.1891067,1.75508,0.1725015,-0.5590354,1.656098
0.06582004,-0.2006881,1.817888,0.004314151,-0.2019094,1.804791,-0.0779699,-0.5785702,1.751091,0.1242942,-0.1875952,1.756117,0.1765632,-0.5526128,1.660447
0.06722261,-0.196286,1.817934,0.002129577,-0.1955252,1.802434,-0.07717538,-0.5726968,1.741793,0.129938,-0.1844864,1.758347,0.1801573,-0.5459911,1.664601
0.06864561,-0.1934164,1.817824,0.000178298,-0.1916301,1.80026,-0.07564893,-0.5677189,1.733123,0.136368,-0.1823164,1.760522,0.18167,-0.5436798,1.667708
0.06971748,-0.1909957,1.817919,-0.001806454,-0.1876095,1.797423,-0.0742476,-0.5634602,1.725308,0.1407948,-0.1810274,1.763508,0.1826066,-0.5429299,1.671076
0.07077338,-0.1887743,1.818536,-0.002977375,-0.1839186,1.794621,-0.07221621,-0.5591612,1.716728,0.1447097,-0.1801454,1.768656,0.1828354,-0.5433291,1.6751
0.07153977,-0.1867832,1.819261,-0.003983929,-0.1799581,1.790393,-0.07107498,-0.5569896,1.712401,0.1474565,-0.1795014,1.775541,0.182318,-0.5444654,1.680347
0.07180975,-0.1856098,1.820096,-0.004648314,-0.1778308,1.787553,-0.07105555,-0.5556436,1.710917,0.1482726,-0.1797046,1.781962,0.1808843,-0.5453656,1.688154
0.07091632,-0.184313,1.821466,-0.006278291,-0.1758653,1.785106,-0.07175651,-0.5543739,1.710006,0.1461393,-0.1799962,1.78893,0.1790862,-0.5454781,1.694585
0.06464808,-0.1823534,1.826466,-0.01077505,-0.1736087,1.782164,-0.0751939,-0.5515187,1.709924,0.1357348,-0.181745,1.803097,0.1733604,-0.5459024,1.703485
0.05893207,-0.1823291,1.828871,-0.01507059,-0.172771,1.780964,-0.07851902,-0.552752,1.709892,0.1293023,-0.1835093,1.807138,0.1687883,-0.5478147,1.706208
0.05328409,-0.1832128,1.830393,-0.02044573,-0.1725249,1.778029,-0.08288332,-0.5502275,1.709584,0.1224611,-0.1863237,1.812086,0.1628945,-0.5544651,1.70764
0.04786792,-0.1838349,1.831619,-0.02357131,-0.1724715,1.776572,-0.08617393,-0.5494478,1.708894,0.1151506,-0.1879169,1.815472,0.1588552,-0.5579198,1.707647
0.0403995,-0.1775681,1.833953,-0.0258144,-0.1669582,1.773547,-0.09146693,-0.5542291,1.708114,0.09929463,-0.1796451,1.824775,0.153113,-0.5612792,1.70695
0.0365721,-0.176013,1.834277,-0.02842632,-0.1643552,1.770553,-0.09542486,-0.5509935,1.706466,0.09574421,-0.1793171,1.826517,0.1491992,-0.5633494,1.706001
0.03320778,-0.1747067,1.833897,-0.03024046,-0.1621272,1.767401,-0.09807759,-0.5495301,1.705085,0.09136829,-0.1790109,1.827703,0.1456489,-0.5641347,1.705135
0.03024816,-0.1736954,1.832573,-0.03050045,-0.1603342,1.763512,-0.1014021,-0.546789,1.703905,0.08505719,-0.1787915,1.827748,0.1429761,-0.5640493,1.703869
0.02761293,-0.1729378,1.830312,-0.03047873,-0.1593162,1.760563,-0.1027819,-0.5463517,1.703412,0.08013478,-0.1786211,1.82549,0.1417446,-0.564366,1.702787
0.02500931,-0.1737989,1.826529,-0.0306679,-0.1598777,1.75668,-0.1041893,-0.5462476,1.70244,0.07608817,-0.1800944,1.821406,0.1402304,-0.5659693,1.701199
0.02327938,-0.1742961,1.821784,-0.03082807,-0.1603202,1.751329,-0.1054357,-0.5465697,1.70075,0.07399181,-0.1807463,1.81705,0.138522,-0.5678049,1.699958
0.02284488,-0.1762643,1.813879,-0.03049939,-0.1621166,1.743681,-0.1047419,-0.5494511,1.696882,0.07373022,-0.1829241,1.80871,0.137597,-0.568292,1.698437
0.02443413,-0.1776689,1.806191,-0.02838962,-0.1634637,1.737319,-0.103806,-0.5490977,1.690767,0.07525343,-0.1843755,1.79939,0.1374451,-0.5688156,1.697487
0.02622477,-0.1778661,1.799378,-0.02632152,-0.1634515,1.730862,-0.1025919,-0.5487298,1.68541,0.07700714,-0.1847782,1.792345,0.1377522,-0.5692976,1.696734
0.02941948,-0.178136,1.790381,-0.02257119,-0.1630383,1.720733,-0.09921385,-0.5457395,1.674469,0.0797985,-0.1856172,1.784453,0.1399813,-0.5761256,1.692827
0.03341549,-0.1793626,1.780447,-0.02020016,-0.163723,1.710887,-0.09441813,-0.5425915,1.655504,0.08552337,-0.1873893,1.774394,0.1422169,-0.5783765,1.690005
0.03577583,-0.1792252,1.770581,-0.01940012,-0.1633936,1.700657,-0.0911871,-0.5526069,1.636593,0.0893349,-0.1874053,1.764907,0.1458728,-0.5798972,1.686079
0.03740325,-0.1806886,1.759269,-0.01969679,-0.1647681,1.691146,-0.08764915,-0.5544288,1.611208,0.09315946,-0.188848,1.751627,0.1493509,-0.5737785,1.680263
0.0366288,-0.1810239,1.743399,-0.02212073,-0.1667544,1.680004,-0.095424,-0.5335397,1.545975,0.09406665,-0.1869382,1.730418,0.1536535,-0.5575491,1.661683
0.04256364,-0.1798785,1.728778,-0.02092183,-0.1677493,1.672155,-0.1045489,-0.5235084,1.524936,0.1065911,-0.1825445,1.707616,0.1530311,-0.5513781,1.65388
0.04265023,-0.1780848,1.717341,-0.02464893,-0.1670468,1.661272,-0.1164877,-0.4928552,1.4948,0.1092211,-0.1805214,1.69712,0.1502065,-0.5421024,1.644956
0.03276055,-0.1744826,1.704851,-0.03828685,-0.1639851,1.651591,-0.1292741,-0.4818541,1.482301,0.102297,-0.1766961,1.681433,0.1462235,-0.5332932,1.63617
0.02096771,-0.1714754,1.691288,-0.05236477,-0.161938,1.642648,-0.1487316,-0.4670515,1.469309,0.09326858,-0.1729371,1.662953,0.1420074,-0.5286742,1.62971
0.007708748,-0.169507,1.675266,-0.06697067,-0.1608654,1.631405,-0.1655841,-0.4566117,1.460572,0.08228382,-0.1702603,1.642575,0.1346511,-0.5191206,1.618587
-0.007794165,-0.169376,1.660038,-0.0838365,-0.1615693,1.619484,-0.1815187,-0.4487602,1.453521,0.06869471,-0.1693448,1.624467,0.1273573,-0.5116602,1.606828
-0.02221404,-0.1712499,1.643308,-0.09915873,-0.1647063,1.605349,-0.2011868,-0.4466734,1.444126,0.05581749,-0.1698148,1.605394,0.1166276,-0.5049534,1.591942
-0.03997886,-0.1747067,1.624021,-0.116982,-0.1693753,1.589047,-0.2192314,-0.4467838,1.43238,0.03892585,-0.1717986,1.583189,0.105519,-0.5036368,1.576906
-0.06089711,-0.1799426,1.604806,-0.1374438,-0.1756164,1.572432,-0.2426331,-0.4514004,1.415314,0.018576,-0.1757156,1.561573,0.09009899,-0.5010273,1.556914
-0.08310555,-0.1843366,1.585354,-0.1593831,-0.1805798,1.554138,-0.2664334,-0.454869,1.395948,-0.002767667,-0.1792929,1.541229,0.07579831,-0.5004151,1.536819
-0.1344816,-0.1897884,1.539657,-0.2089951,-0.187411,1.511411,-0.3237177,-0.4538897,1.344417,-0.05327978,-0.1828874,1.492833,0.04000528,-0.4985853,1.495492
-0.1674671,-0.1890201,1.513675,-0.2399185,-0.1872136,1.487906,-0.3515152,-0.4550934,1.321726,-0.08665602,-0.1814313,1.46443,0.01409797,-0.4912858,1.467653
-0.1975182,-0.1877847,1.491453,-0.271261,-0.1861928,1.463323,-0.3738669,-0.4609556,1.305088,-0.1137495,-0.1799905,1.444818,-0.01111702,-0.4879253,1.436023
-0.2381587,-0.1840231,1.461374,-0.3105687,-0.1814826,1.431527,-0.4049421,-0.4636576,1.285065,-0.1534865,-0.1771791,1.416825,-0.04262682,-0.4766625,1.388308
-0.2695405,-0.180812,1.441355,-0.3396753,-0.1782138,1.41158,-0.4237428,-0.4677632,1.277246,-0.1854344,-0.1741201,1.397084,-0.07212306,-0.4816632,1.344106
-0.3078318,-0.1766711,1.415997,-0.3789598,-0.1737148,1.383883,-0.4439882,-0.4739951,1.27006,-0.220587,-0.1704213,1.374372,-0.1052493,-0.4721346,1.29413
-0.3354563,-0.1712207,1.396456,-0.4038814,-0.1688568,1.36517,-0.4612586,-0.4737232,1.264996,-0.249269,-0.1645849,1.354476,-0.1400482,-0.4666582,1.24307
-0.3620475,-0.1660009,1.379077,-0.4322683,-0.1647778,1.345554,-0.4706842,-0.4759513,1.26298,-0.2726813,-0.158547,1.339494,-0.1684656,-0.4825628,1.199557
-0.3899853,-0.1624362,1.360797,-0.4583178,-0.1637073,1.327239,-0.4845066,-0.4815733,1.26208,-0.3007464,-0.1524505,1.32184,-0.2080404,-0.4696785,1.156288
-0.418292,-0.17078,1.333195,-0.4933025,-0.1721782,1.29418,-0.4905089,-0.4944498,1.260296,-0.321447,-0.1600582,1.299723,-0.2585039,-0.4521593,1.114885
-0.4485245,-0.1614901,1.315239,-0.518266,-0.1623013,1.283213,-0.531689,-0.4784731,1.250274,-0.3544895,-0.1522836,1.27486,-0.3105361,-0.4292946,1.078455
-0.474603,-0.1566074,1.298417,-0.5488056,-0.156865,1.266918,-0.5827667,-0.4695701,1.247106,-0.3745255,-0.1479095,1.259136,-0.3644998,-0.4088882,1.034479
-0.4793355,-0.1561228,1.280097,-0.5566249,-0.1578689,1.247145,-0.5828237,-0.4716889,1.227974,-0.3757735,-0.1459043,1.241881,-0.4249797,-0.3807375,0.9933138
-0.515412,-0.168148,1.245904,-0.59443,-0.1706142,1.209116,-0.6242163,-0.4806614,1.211889,-0.4057001,-0.1557644,1.214368,-0.4802822,-0.3756582,0.9590701
-0.5241277,-0.1748568,1.229382,-0.6027694,-0.1770538,1.193214,-0.4788812,-0.511986,1.270615,-0.4155286,-0.1629879,1.19576,-0.5296081,-0.3646133,0.9418479
-0.5372248,-0.1807047,1.190773,-0.6191898,-0.1846901,1.147079,-0.4767962,-0.475981,1.065915,-0.4243034,-0.1665515,1.165382,-0.5710925,-0.3615489,0.927453
-0.5659421,-0.1738635,1.172547,-0.6361924,-0.1770783,1.140296,-0.4918767,-0.4701945,1.078246,-0.4661872,-0.1620002,1.132094,-0.6314254,-0.4097136,0.8705823
-0.6119027,-0.1798896,1.110118,-0.6860887,-0.175013,1.070167,-0.5718592,-0.4663436,1.189265,-0.5011227,-0.1753295,1.0805,-0.6890527,-0.3967352,0.8125111
-0.5747892,-0.2010342,1.097672,-0.6409523,-0.2118629,1.055394,-0.5785761,-0.4743041,1.18669,-0.4768162,-0.1799791,1.073926,-0.7040381,-0.3607404,0.8067053
-0.5749121,-0.2014053,1.097015,-0.6444373,-0.2116542,1.054458,-0.5689475,-0.4648622,1.196436,-0.471769,-0.1815848,1.071368,-0.7227437,-0.316537,0.7976822
-0.6147126,-0.2066047,1.080995,-0.6997593,-0.1993881,1.038591,-0.5818231,-0.435659,1.190724,-0.4950403,-0.1976207,1.05834,-0.7540581,-0.3002755,0.7785746
-0.5938554,-0.2459049,1.013609,-0.6476947,-0.2410905,0.9763058,-0.5751088,-0.4787958,1.138679,-0.5021555,-0.2351697,0.9868993,-0.7557376,-0.345961,0.7066197
-0.5309812,-0.4030569,0.9564284,-0.5702041,-0.3909484,0.9217018,-0.5212206,-0.7262166,1.022069,-0.4570321,-0.3889567,0.9289853,-0.6182569,-0.6470266,0.6914956
-0.4411556,-0.4066318,0.8658662,-0.4283091,-0.3882369,0.8226897,-0.4767329,-0.6531052,1.01889,-0.4223169,-0.3958082,0.8468183,-0.6253806,-0.6771128,0.7266532
-0.1223576,0.01301483,0.1721762,0,0,0,0,0,0,-0.1481206,0.01575516,0.2084286,-0.3856256,0.02152174,0.432012
